trioTake;trio;take;startA;startB;startC;endA;endB;endC;startAll;endAll;promptTime;syncIndex;duration;type;number;pedalA;pedalB;pedalC;numberPedals;goalAchievementAll;goodEndAll;goodImproAll;goodEndA;goodEndB;goodEndC
101;1;1;8.33011337868481;18.3842630385488;8.66136054421769;232.03768707483;253.974829931973;261.756145124717;8.33011337868481;261.756145124717;0;12.4999244142101;253.426031746032;0;0;155.16498866;234.31498866;246.49498866;3;261.756145124717;0;0;5;5;5
201;2;1;7.74943310657596;7.2665306122449;10;261.565578231293;251.92947845805;250.734195011338;7.2665306122449;261.565578231293;0;6.82249433106577;254.299047619048;0;0;260.23498866;255.20498866;254.17498866;3;261.565578231293;1.52752523165195;0;4;3;6
301;3;1;9.38371882086168;17.3236734693878;9.62916099773243;206.159501133787;202.28231292517;205.785351473923;9.38371882086168;206.159501133787;0;1.41711262282691;196.775782312925;0;0;207.26498866;195.91498866;163.46498866;3;206.159501133787;0;0;6;6;6
401;4;1;9;13.3048072562358;10.6787755102041;281.188979591837;275.801224489796;278.564943310658;9;281.188979591837;0;2.67059712774;272.188979591837;0;0;268.17498866;206.11498866;99.52498866;3;281.188979591837;0.577350269189626;0;5;6;6
501;5;1;8.2233560090703;18.2066666666667;18.2136507936508;227.546893424036;229.091383219955;209.444036281179;8.2233560090703;229.091383219955;0;7.06394557823129;220.868027210884;0;0;213.29498866;-1;175.75498866;2;229.091383219955;0.577350269189626;0;6;5;6
601;6;1;5.03759637188209;7.00312925170068;6;194.640680272109;159.99641723356;194.129841269841;5.03759637188209;194.640680272109;0;11.7183673469388;189.603083900227;0;0;165.50498866;159.94498866;196.97498866;3;194.640680272109;1;0;6;4;5
701;7;1;6.86643990929705;5.05755102040816;6.13709750566893;178.708888888889;182.981179138322;183.927029478458;5.05755102040816;183.927029478458;0;2.05466364323507;178.86947845805;0;0;94.80498866;171.66498866;163.99498866;3;183.927029478458;1.52752523165195;0;2;5;4
801;8;1;10.8932879818594;17.1710204081633;12.4527437641723;193.628979591837;192.792879818594;193.826530612245;10.8932879818594;193.826530612245;0;0.410400604686326;182.933242630386;0;0;98.04498866;196.34498866;193.60498866;3;193.826530612245;1;0;5;4;6
901;9;1;7.77637188208617;8;8.22634920634921;184.648390022676;185.548344671202;185.269977324263;7.77637188208617;185.548344671202;0;0.39277399848829;177.771972789116;0;0;122.57498866;183.12498866;-1;2;185.548344671202;1;0;5;4;3
1001;10;1;8.23034013605442;9.57428571428571;4.46789115646258;231.834149659864;234.759501133787;230.27768707483;4.46789115646258;234.759501133787;0;2.4690551776266;230.291609977324;0;0;190.39498866;-1;103.05498866;2;234.759501133787;1.52752523165195;0;6;3;4
1101;11;1;20.0863945578231;13.3167800453515;7.69854875283447;196.699002267574;222.659002267574;221.70716553288;7.69854875283447;222.659002267574;0;8.97061224489796;214.960453514739;0;0;-1;179.81498866;186.76498866;2;222.659002267574;1.73205080756888;0;4;7;7
1201;12;1;7.78734693877551;8.09365079365079;7.25056689342404;146.461179138322;151.961678004535;154.611655328798;7.25056689342404;154.611655328798;0;3.60015117157974;147.361088435374;0;0;-1;148.47498866;147.23498866;2;154.611655328798;1.73205080756888;0;5;2;5
102;1;2;7.89809523809524;16.3768253968254;2.69292517006803;251.436598639456;251.720952380952;293.769387755102;2.69292517006803;293.769387755102;0;28.127074829932;291.076462585034;0;0;199.52498866;232.34498866;-1;2;293.769387755102;2.51661147842358;0;6;1;4
202;2;2;23.2272562358277;22.2195464852608;23;375.970566893424;338.841950113379;372.127301587302;22.2195464852608;375.970566893424;0;13.6572940287226;353.751020408163;0;0;-1;272.80498866;294.09498866;2;375.970566893424;2.51661147842358;0;2;7;5
302;3;2;24.3347392290249;10.3604988662132;11.7453514739229;168.60485260771;170.114421768707;181.562403628118;10.3604988662132;181.562403628118;0;8.13517762660621;171.201904761905;0;0;150.51498866;-1;169.38498866;2;181.562403628118;0.577350269189626;0;5;4;4
402;4;2;14.2217233560091;2.73383219954649;13.0404081632653;233.855555555556;238.611746031746;242.20358276644;2.73383219954649;242.20358276644;0;3.97995464852608;239.469750566893;0;0;240.46498866;214.61498866;232.31498866;3;242.20358276644;0.577350269189626;0;6;6;7
502;5;2;1.09555555555556;18.1198639455782;1;202.74126984127;194.799319727891;189.97029478458;1;202.74126984127;0;6.90430839002269;201.74126984127;0;0;-1;-1;-1;0;202.74126984127;1;0;4;3;5
602;6;2;3;6.79859410430839;7.0081179138322;190.638775510204;188.525578231293;193.605034013605;3;193.605034013605;0;2.68190476190476;190.605034013605;0;0;190.43498866;180.37498866;192.14498866;3;193.605034013605;0;0;6;6;6
702;7;2;17.1101587301587;4;5;202.227437641723;196.48947845805;186.298639455782;4;202.227437641723;0;7.22225245653817;198.227437641723;0;0;-1;-1;150.04498866;1;202.227437641723;0;0;5;5;5
802;8;2;14.5519727891156;21.1000907029478;12.2023129251701;191.956780045351;181.461632653061;192.247120181406;12.2023129251701;192.247120181406;0;3.6919425547997;180.044807256236;0;0;142.21498866;183.87498866;-1;2;192.247120181406;1.15470053837925;0;3;5;3
902;9;2;7;5.06852607709751;9.59922902494331;214.248117913832;218.746893424036;217.754149659864;5.06852607709751;218.746893424036;0;1.83050642479213;213.678367346939;0;0;136.69498866;-1;211.32498866;2;218.746893424036;1.52752523165195;0;5;4;2
1002;10;2;2.47442176870748;7.34235827664399;22.032970521542;218.86462585034;217.134557823129;218.56231292517;2.47442176870748;218.86462585034;0;0.677460317460316;216.390204081633;0;0;-1;-1;-1;0;218.86462585034;1.52752523165195;0;7;4;5
1102;11;2;8.45083900226757;7;14.9021768707483;267.757505668934;266.782721088435;272.958684807256;7;272.958684807256;0;3.79238095238096;265.958684807256;0;0;269.29498866;183.35498866;-1;2;272.958684807256;1;0;3;2;4
1202;12;2;5.93356009070295;5.7649433106576;6.53319727891156;213.966757369614;219.284671201814;220.990793650794;5.7649433106576;220.990793650794;0;2.91005291005291;215.225850340136;0;0;181.66498866;216.24498866;224.20498866;3;220.990793650794;0.577350269189626;0;4;3;4
103;1;3;9.06145124716553;3.63478458049887;12.8907482993197;212.535011337868;207.624172335601;216.621723356009;3.63478458049887;216.621723356009;0;4.36142101284958;212.98693877551;0;0;-1;186.98498866;211.12498866;2;216.621723356009;2.51661147842358;0;4;1;6
203;2;3;6.83650793650794;37;13.0483900226757;354.694920634921;357.527482993197;358.026349206349;6.83650793650794;358.026349206349;0;1.27676492819351;351.189841269841;0;0;-1;300.92498866;-1;1;358.026349206349;1.52752523165195;0;3;6;4
303;3;3;12.5136054421769;17.3386394557823;12.9526077097506;232.498639455782;268.024897959184;268.257369614512;12.5136054421769;268.257369614512;0;11.997067271353;255.743764172336;0;0;231.85498866;-1;199.70498866;2;268.257369614512;0;0;5;5;5
403;4;3;7.29945578231293;23.5684807256236;9.09836734693878;247.197233560091;243.481678004535;255.96231292517;7.29945578231293;255.96231292517;0;7.08190476190476;248.662857142857;0;0;249.69498866;-1;225.20498866;2;255.96231292517;1;0;6;5;7
503;5;3;0.0249886621315193;17.8953741496599;3.47514739229025;274.750612244898;255.397596371882;268.992698412698;0.0249886621315193;274.750612244898;0;8.37030990173849;274.725623582766;0;0;253.05498866;235.76498866;249.11498866;3;274.750612244898;0.577350269189626;0;5;6;6
603;6;3;12.6921995464853;6.53619047619048;27.34589569161;174.805759637188;171.810566893424;174.167210884354;6.53619047619048;174.805759637188;0;1.21124716553287;168.269569160998;0;0;179.25498866;185.80498866;172.88498866;3;174.805759637188;0.577350269189626;0;6;5;6
703;7;3;0.547800453514739;17;34.742;224.030884353741;223.427256235828;216.054013605442;0.547800453514739;224.030884353741;0;2.86016628873772;223.483083900227;0;0;169.42498866;147.88498866;-1;2;224.030884353741;1.15470053837925;0;2;2;4
803;8;3;8;18.0789569160998;12;192.125396825397;192.032607709751;192.496553287982;8;192.496553287982;0;0.278367346938779;184.496553287982;0;0;122.01498866;196.26498866;-1;2;192.496553287982;2.64575131106459;0;7;3;2
903;9;3;8.48775510204082;11.3991383219955;16.0346031746032;150.395238095238;150.627709750567;151.068707482993;8.48775510204082;151.068707482993;0;0.371489040060472;142.580952380952;0;0;118.05498866;-1;-1;1;151.068707482993;0.577350269189626;0;5;5;6
1003;10;3;9;16.6422222222222;5;395.197868480726;396.289387755102;395.499183673469;5;396.289387755102;0;0.627241118669701;391.289387755102;0;0;304.14498866;394.15498866;293.21498866;3;396.289387755102;1.52752523165195;0;7;4;5
1103;11;3;11.6296145124717;13.7767346938776;9.65510204081633;262.412653061224;225.365850340136;250.872879818594;9.65510204081633;262.412653061224;0;16.1955253212396;252.757551020408;0;0;-1;170.18498866;-1;1;262.412653061224;1.52752523165195;0;4;5;7
1203;12;3;18.6007709750567;6.68684807256236;5.05655328798186;192.563401360544;193.492290249433;194.027074829932;5.05655328798186;194.027074829932;0;0.666152683295536;188.97052154195;0;0;-1;-1;199.97498866;1;194.027074829932;0.577350269189626;0;6;7;6
104;1;4;5.34290249433107;6.62798185941043;11.3113378684807;226.340634920635;228.082675736961;228.627437641723;5.34290249433107;228.627437641723;0;0.943854875283449;223.284535147392;0;0;172.64498866;216.95498866;218.17498866;3;228.627437641723;1;0;5;4;3
204;2;4;19.6314285714286;4.68340136054422;7.59079365079365;283.880861678005;284.298911564626;275.036961451247;4.68340136054422;284.298911564626;0;3.22666666666665;279.615510204082;0;0;271.32498866;273.26498866;284.19498866;3;284.298911564626;1.15470053837925;0;2;2;4
304;3;4;19.6783219954649;15.048843537415;2.58417233560091;251.828707482993;246.906893424036;251.991337868481;2.58417233560091;251.991337868481;0;1.74902494331065;249.40716553288;0;0;-1;178.00498866;228.95498866;2;251.991337868481;0.577350269189626;0;7;6;6
404;4;4;3.06907029478458;4.32721088435374;4.90090702947846;319.731383219955;294.331111111111;326.790340136054;3.06907029478458;326.790340136054;0;13.1727286470143;323.72126984127;0;0;308.07498866;293.20498866;298.93498866;3;326.790340136054;1.52752523165195;0;6;3;5
504;5;4;0.799229024943311;35.064;0.0249886621315193;247.596326530612;241.233786848073;237.959229024943;0.0249886621315193;247.596326530612;0;5.33321239606953;247.571337868481;0;0;-1;234.95498866;-1;1;247.596326530612;2.08166599946613;0;3;7;6
604;6;4;2.05537414965986;4.09174603174603;3.00222222222222;152.132290249433;146.374376417234;154.547800453515;2.05537414965986;154.547800453515;0;3.52964474678762;152.492426303855;0;0;135.39498866;135.96498866;149.28498866;3;154.547800453515;0.577350269189626;0;4;5;5
704;7;4;11.7792743764172;4.80013605442177;4.64049886621315;119.668072562358;120.689750566893;120.596961451247;4.64049886621315;120.689750566893;0;0.371489040060467;116.04925170068;0;0;-1;-1;-1;0;120.689750566893;0.577350269189626;0;7;6;6
804;8;4;10.8184580498866;12.2182766439909;19.9826303854875;162.49074829932;156.221995464853;162.850929705215;10.8184580498866;162.850929705215;0;2.32970521541949;152.032471655329;0;0;159.28498866;165.03498866;162.90498866;3;162.850929705215;1.73205080756888;0;5;5;2
904;9;4;2;4.08176870748299;18;163.668072562358;166.710158730159;159.465623582766;2;166.710158730159;0;3.42887377173092;164.710158730159;0;0;125.90498866;-1;-1;1;166.710158730159;1.52752523165195;0;5;4;2
1004;10;4;15.8779591836735;13.2050340136054;9.1043537414966;347.61201814059;349.191428571429;350.468526077098;9.1043537414966;350.468526077098;0;1.37786848072564;341.364172335601;0;0;201.33498866;299.10498866;274.03498866;3;350.468526077098;0.577350269189626;0;5;4;5
1104;11;4;22;10.14;10.0701587301587;268.928843537415;273.834693877551;276.417823129252;10.0701587301587;276.417823129252;0;3.35736961451245;266.347664399093;0;0;266.23498866;269.94498866;-1;2;276.417823129252;0.577350269189626;0;5;6;5
1204;12;4;4.058820861678;16.8946485260771;17.4134693877551;233.132199546485;215.287755102041;234.106984126984;4.058820861678;234.106984126984;0;6.59800453514739;230.048163265306;0;0;173.36498866;196.22498866;-1;2;234.106984126984;2.3094010767585;0;6;2;6
105;1;5;5.72802721088435;7.36231292517007;27.4396825396825;163.216099773243;162.891836734694;167.08231292517;5.72802721088435;167.08231292517;143.194988662132;2.68556311413455;161.354285714286;1;1;0;0;0;3;23.8873242630386;0.577350269189626;4.33333333333333;5;5;6
205;2;5;13.0124716553288;11.3462585034014;15.0139229024943;157.98798185941;180.023900226757;171.479319727891;11.3462585034014;180.023900226757;152.664988662132;10.1934996220711;168.677641723356;1;3;0;0;0;3;27.3589115646259;0.577350269189626;4.33333333333333;5;5;4
305;3;5;7.33238095238095;15.9547845804989;36.607;178.567210884354;176.832154195011;199.348979591837;7.33238095238095;199.348979591837;161.794988662132;14.4328647014361;192.016598639456;2;2;0;0;0;3;37.5539909297052;1.52752523165195;4.33333333333333;6;3;4
405;4;5;5.31696145124717;8.71224489795918;7.09791383219955;187.831156462585;151.567573696145;189.340725623583;5.31696145124717;189.340725623583;148.824988662132;13.0942403628118;184.023764172336;1;2;0;0;0;3;40.5157369614512;2.08166599946613;5;2;6;5
505;5;5;7.53990929705215;11;8.023;204.605034013605;200.100272108844;195.154512471655;7.53990929705215;204.605034013605;168.234988662132;4.651761148904;197.065124716553;2;2;0;0;0;3;36.3700453514739;1.52752523165195;6;4;7;6
605;6;5;3.43024943310658;4.39904761904762;2.50634920634921;154.519863945578;150.96693877551;150.235600907029;2.50634920634921;154.519863945578;147.114988662132;2.61239606953893;152.013514739229;1;3;0;0;0;3;7.4048752834467;1.73205080756888;4.66666666666667;3;6;6
705;7;5;8.25428571428571;7.42018140589569;8.68630385487528;83.0592743764172;100.201315192744;82.7928798185941;7.42018140589569;100.201315192744;NA;11.5168253968254;92.7811337868481;0;0;0;0;0;3;NA;0.577350269189626;4.66666666666667;6;6;5
805;8;5;8.37102040816326;8.93274376417234;15.0707936507937;164.418367346939;164.847392290249;165.312335600907;8.37102040816326;165.312335600907;NA;0.452970521541952;156.941315192744;0;0;0;0;0;3;NA;0;4.33333333333333;6;6;6
905;9;5;5.82780045351474;5.378820861678;6.11814058956916;202.498820861678;202.869977324263;201.848299319728;5.378820861678;202.869977324263;147.224988662132;0.464278155706722;197.491156462585;2;3;0;0;0;3;55.6449886621315;0;4.66666666666667;4;4;4
1005;10;5;9.93047619047619;12.0277097505669;11.9149659863946;198.644580498866;197.878321995465;198.737369614512;9.93047619047619;198.737369614512;167.634988662132;0.317278911564614;188.806893424036;2;3;0;0;0;3;31.1023809523809;0.577350269189626;6;6;6;5
1105;11;5;15.0239002267574;15.850022675737;19.3580498866213;190.572925170068;199.754058956916;202.83306122449;15.0239002267574;202.83306122449;165.184988662132;5.11304610733182;187.809160997732;2;1;0;0;0;3;37.6480725623583;0.577350269189626;6;6;7;6
1205;12;5;6.65691609977324;6.52820861678005;6.09718820861678;184.376009070295;172.672607709751;191.944807256236;6.09718820861678;191.944807256236;164.554988662132;8.94699924414211;185.847619047619;1;2;0;0;0;3;27.3898185941043;1.73205080756888;5.66666666666667;6;3;6
106;1;6;49.738;45.6532879818594;21.0521995464853;212.493106575964;212.56693877551;205.687573696145;21.0521995464853;212.56693877551;170.444988662132;2.31773242630386;191.514739229025;1;1;0;0;0;3;42.1219501133787;3.46410161513775;5.33333333333333;7;1;7
206;2;6;14.528;43.4373242630385;13.6839455782313;182.977188208617;177.961587301587;200.861541950113;13.6839455782313;200.861541950113;168.464988662132;13.5947694633409;187.177596371882;2;3;0;0;0;3;32.3965532879818;1;4;3;4;5
306;3;6;22.890022675737;11.210566893424;10.5710204081633;204.075238095238;203.342902494331;212.538004535147;10.5710204081633;212.538004535147;169.124988662132;5.88595616024188;201.966984126984;1;2;0;0;0;3;43.4130158730159;0.577350269189626;4.33333333333333;6;6;5
406;4;6;10;5.69310657596372;7.2924716553288;154.723401360544;158.495827664399;164.871337868481;5.69310657596372;164.871337868481;155.224988662132;5.50781557067272;159.178231292517;1;3;0;0;0;3;9.64634920634921;0.577350269189626;6;7;6;6
506;5;6;10.1439909297052;22.2414965986395;1;182.595056689342;167.188072562358;182.315691609977;1;182.595056689342;172.194988662132;5.22878306878307;181.595056689342;1;2;0;0;0;3;10.4000680272109;1.52752523165195;5.66666666666667;6;3;5
606;6;6;6.03333333333333;6.26580498866213;10;106.185714285714;100.729115646259;108.537369614512;6.03333333333333;108.537369614512;NA;3.38663643235072;102.504036281179;0;0;0;0;0;3;NA;1.25830573921179;5;5;6;3.5
706;7;6;8.49174603174603;4.24340136054422;6.45936507936508;168.00022675737;180.853015873016;159.130385487528;4.24340136054422;180.853015873016;147.494988662132;11.5251398337113;176.609614512472;1;2;0;0;0;3;33.3580272108843;1.15470053837925;3.66666666666667;3;3;1
806;8;6;4.39705215419501;9.42761904761905;14.3145124716553;166.972562358277;171.047301587302;169.317233560091;4.39705215419501;171.047301587302;142.544988662132;1.93493575207861;166.650249433107;2;3;0;0;0;3;28.5023129251701;0.577350269189626;5.33333333333333;6;6;5
906;9;6;4.89691609977324;3.95006802721088;5.23015873015873;151.510702947846;151.313151927438;151.876870748299;3.95006802721088;151.876870748299;NA;0.309962207105068;147.926802721088;0;0;0;0;0;3;NA;1.73205080756888;5.33333333333333;6;6;3
1006;10;6;6.71777777777778;14.4541950113379;13.2120181405896;223.188798185941;217.964671201814;224.698367346939;6.71777777777778;224.698367346939;164.744988662132;2.74775510204081;217.980589569161;1;1;0;0;0;3;59.9533786848072;0.577350269189626;5.66666666666667;6;6;5
1106;11;6;11.9059863945578;4.97573696145125;10.0352380952381;153.544081632653;154.362222222222;159.476598639456;4.97573696145125;159.476598639456;140.244988662132;3.68229780801209;154.500861678005;1;3;0;0;0;3;19.2316099773242;0.577350269189626;5.33333333333333;5;6;5
1206;12;6;5;1;10.1888888888889;199.367936507937;199.287120181406;207.658095238095;1;207.658095238095;157.744988662132;5.55371126228268;206.658095238095;2;1;0;0;0;3;49.9131065759637;2.08166599946613;4.66666666666667;4;1;5
107;1;7;15.1575963718821;8.89383219954649;27;200.993242630385;187.060907029478;209.909977324263;8.89383219954649;209.909977324263;167.394988662132;10.5886016628874;201.016145124717;1;2;0;0;0;3;42.5149886621315;1.15470053837925;6.33333333333333;7;7;5
207;2;7;5.559410430839;8.72621315192744;10;152.625170068027;175.751609977324;158.251383219955;5.559410430839;175.751609977324;157.824988662132;13.5422222222222;170.192199546485;1;1;0;0;0;3;17.9266213151927;2.3094010767585;5.66666666666667;3;7;3
307;3;7;12.6353287981859;25.9710204081633;18.251;218.504444444444;217.987619047619;222.671972789116;12.6353287981859;222.671972789116;174.324988662132;2.95062736205594;210.03664399093;2;3;0;0;0;3;48.3469841269841;1.15470053837925;4.33333333333333;5;5;3
407;4;7;7.10689342403628;10;10.9132426303855;295.607210884354;253.416099773243;288.594149659864;7.10689342403628;295.607210884354;164.874988662132;16.4013907785336;288.500317460317;2;2;0;0;0;3;130.732222222222;0.763762615825973;5;6;4.5;5
507;5;7;0;24.8495691609977;5.10743764172336;195.879863945578;207.605215419501;210.212290249433;0;210.212290249433;158.774988662132;5.64650037792895;210.212290249433;2;1;0;0;0;3;51.4373015873016;2.51661147842358;5;2;7;4
607;6;7;4.88793650793651;6.31868480725624;5.05655328798186;165.383174603175;141.408662131519;157.500090702948;4.88793650793651;165.383174603175;153.134988662132;10.6191987906274;160.495238095238;2;3;0;0;0;3;12.2481859410431;1;5;4;5;6
707;7;7;9.02054421768707;9.07641723356009;8.42888888888889;180.322222222222;174.843673469388;177.884761904762;8.42888888888889;180.322222222222;173.444988662132;2.63866969009825;171.893333333333;1;1;0;0;0;3;6.8772335600907;0.577350269189626;4.33333333333333;3;4;3
807;8;7;6.92131519274376;6.25083900226757;7.11687074829932;157.047120181406;161.667619047619;161.935011337868;6.25083900226757;161.935011337868;153.844988662132;1.71842781557067;155.684172335601;1;3;0;0;0;3;8.09002267573695;0.577350269189626;4.83333333333333;4;4;3
907;9;7;4.59160997732426;4.92585034013605;6.75668934240363;157.263628117914;159.306984126984;158.122675736961;4.59160997732426;159.306984126984;146.794988662132;1.075888133031;154.71537414966;2;1;0;0;0;3;12.5119954648526;0.577350269189626;5.33333333333333;6;5;5
1007;10;7;41.696;44.036;7.37827664399093;231.636598639456;238.277505668934;255.414557823129;7.37827664399093;255.414557823129;151.304988662132;13.6383371126228;248.036281179138;2;2;0;0;0;3;104.109569160998;0.577350269189626;5.33333333333333;6;5;5
1107;11;7;9.04848072562358;9;8.20639455782313;224.509795918367;227.766394557823;235.385079365079;8.20639455782313;235.385079365079;166.984988662132;6.16465608465609;227.178684807256;1;1;0;0;0;3;68.4000907029479;1.15470053837925;6.33333333333333;5;5;7
1207;12;7;22.0549206349206;4.20548752834467;4.35714285714286;190.867256235828;186.245759637188;193.362585034014;4.20548752834467;193.362585034014;160.964988662132;3.20405139833713;189.157097505669;2;3;0;0;0;3;32.3975963718821;1.73205080756888;4;6;3;6
108;1;8;10.3285714285714;29;11;212.455192743764;232.781995464853;182.443401360544;10.3285714285714;232.781995464853;164.784988662132;23.5551322751323;222.453424036281;1;2;0;0;0;3;67.9970068027211;1.15470053837925;6;7;7;5
208;2;8;14.9600453514739;61.858;22.6675283446712;394.234058956916;384.557052154195;380.661904761905;14.9600453514739;394.234058956916;151.294988662132;7.74972033257749;379.274013605442;2;1;0;0;0;3;242.939070294785;1.52752523165195;5.33333333333333;4;7;6
308;3;8;7.64467120181406;21.7057142857143;20;166.626349206349;184.133560090703;180.429977324263;7.64467120181406;184.133560090703;153.044988662132;7.07026455026456;176.488888888889;1;3;0;0;0;3;31.0885714285714;0.577350269189626;5;5;6;6
408;4;8;4.35614512471655;1.32702947845805;8.04675736961451;332.501360544218;326.882131519274;180.184535147392;1.32702947845805;332.501360544218;139.964988662132;52.6453514739229;331.17433106576;1;1;0;0;0;3;192.536371882086;0.288675134594813;5.5;6;5.5;6
508;5;8;15.410022675737;15.9597732426304;15.7422675736961;179.286575963719;169.046848072562;165.931927437642;15.410022675737;179.286575963719;159.994988662132;7.86479213907786;163.876553287982;1;3;0;0;0;3;19.2915873015873;2;5.66666666666667;3;7;5
608;6;8;3.23868480725624;3.19179138321995;3.52503401360544;181.270068027211;164.506167800454;177.949614512472;3.19179138321995;181.270068027211;164.114988662132;6.69478458049887;178.078276643991;2;2;0;0;0;3;17.1550793650794;1;5.33333333333333;6;5;4
708;7;8;6.3087074829932;4.6265306122449;5.72403628117914;174.960408163265;176.224535147392;174.773832199546;4.6265306122449;176.224535147392;152.584988662132;0.904943310657596;171.598004535147;1;3;0;0;0;3;23.6395464852608;2.08166599946613;6.33333333333333;5;2;6
808;8;8;3.30852607709751;4.32521541950113;12.881768707483;178.31179138322;180.587619047619;182.212925170068;3.30852607709751;182.212925170068;159.364988662132;1.84214663643235;178.904399092971;2;2;0;0;0;3;22.8479365079365;1;5.66666666666667;5;4;6
908;9;8;6.57310657596372;6.31668934240363;5.23614512471655;127.247845804989;132.763310657596;132.444036281179;5.23614512471655;132.763310657596;142.714988662132;1.94491307634165;127.52716553288;1;1;0;0;0;3;-9.95167800453515;2.08166599946613;4;4;5;1
1008;10;8;11.0708843537415;23.2232653061224;22.1457142857143;206.111609977324;205.50798185941;184.888843537415;11.0708843537415;206.111609977324;169.634988662132;7.27546485260771;195.040725623583;1;2;0;0;0;3;36.4766213151927;1.15470053837925;5.33333333333333;5;3;5
1108;11;8;69.153;18;22.1766439909297;241.189886621315;241.822448979592;242.815192743764;18;242.815192743764;173.564988662132;0.87268329554045;224.815192743764;2;3;0;0;0;3;69.2502040816327;1;6;5;7;6
1208;12;8;8.08068027210884;9.12829931972789;11.7822675736961;200.926394557823;201.872244897959;202.133650793651;8.08068027210884;202.133650793651;171.824988662132;0.489554043839756;194.052970521542;1;1;0;0;0;3;30.3086621315193;1;5.16666666666667;5;4;3
109;1;9;8.4827664399093;57.5721995464853;25.0052154195011;171.030340136054;178.998231292517;187.380181405896;8.4827664399093;187.380181405896;170.284988662132;8.24393046107331;178.897414965986;1;3;0;0;0;3;17.0951927437642;0.577350269189626;3.66666666666667;3;4;4
209;2;9;0;5;13.1192290249433;177.867800453515;220.081859410431;183.005124716553;0;220.081859410431;165.494988662132;26.4302645502645;220.081859410431;1;2;0;0;0;3;54.5868707482993;2.17944947177034;4.66666666666667;3;7;3.5
309;3;9;5.04857142857143;7.59777777777778;27.605306122449;180.450929705215;204.256825396825;211.826621315193;5.04857142857143;211.826621315193;154.084988662132;12.9818291761149;206.778049886621;1;1;0;0;0;3;57.7416326530612;1;5.66666666666667;5;7;6
409;4;9;19.3231292517007;14.4531972789116;15.4060317460317;216.162766439909;209.440045351474;219.227800453515;14.4531972789116;219.227800453515;170.914988662132;4.28426303854875;204.774603174603;2;3;0;0;0;3;48.3128117913832;1.15470053837925;4.66666666666667;4;6;4
509;5;9;16.7120634920635;22.3472562358277;24.5871655328798;196.439591836735;185.65410430839;188.731111111111;16.7120634920635;196.439591836735;167.304988662132;6.16465608465609;179.727528344671;1;1;0;0;0;3;29.1346031746032;1.52752523165195;5.33333333333333;5;7;4
609;6;9;2.7907029478458;22.0040362811791;10.6757823129252;195.990612244898;190.74253968254;202.022902494331;2.7907029478458;202.022902494331;155.124988662132;5.77088435374151;199.232199546485;2;1;0;0;0;3;46.8979138321995;1.52752523165195;5;5;4;7
709;7;9;19.4159183673469;5.35786848072562;7.59977324263039;224.963764172336;193.709795918367;221.85283446712;5.35786848072562;224.963764172336;144.514988662132;11.4549659863946;219.60589569161;2;1;0;0;0;3;80.4487755102041;1.52752523165195;5;2;3;5
809;8;9;12.2432199546485;4.71233560090703;8.16648526077097;181.321950113379;180.858004535147;161.005124716553;4.71233560090703;181.321950113379;147.974988662132;6.92692365835222;176.609614512472;1;2;0;0;0;3;33.3469614512472;1.52752523165195;4.83333333333333;2;5;3
909;9;9;11;8.84893424036281;9.21310657596372;202.406031746032;199.480680272109;198.424081632653;8.84893424036281;202.406031746032;173.124988662132;2.30243386243385;193.557097505669;2;2;0;0;0;3;29.2810430839002;1;4.66666666666667;4;5;6
1009;10;9;9.8546485260771;10.6348752834467;9.47251700680272;169.548707482993;178.975283446712;171.452380952381;9.47251700680272;178.975283446712;144.964988662132;5.64982615268329;169.502766439909;1;3;0;0;0;3;34.0102947845805;1.15470053837925;5.66666666666667;3;5;5
1109;11;9;8.11460317460318;11.571746031746;8.78607709750567;144.277142857143;147.423990929705;148.271065759637;8.11460317460318;148.271065759637;NA;1.61366591080878;140.156462585034;0;0;0;0;0;3;NA;2.3094010767585;5.33333333333333;3;7;7
1209;12;9;12.3968707482993;7.10489795918367;6.97718820861678;202.80612244898;194.842222222222;194.714512471655;6.97718820861678;202.80612244898;151.014988662132;5.35183673469387;195.828934240363;2;2;0;0;0;3;51.7911337868481;1;5;6;4;5
110;1;10;10.2956462585034;6.77764172335601;0;158.332199546485;179.542993197279;159.644217687075;0;179.542993197279;149.564988662132;13.7031897203326;179.542993197279;1;3;0;0;0;3;29.9780045351474;0;4.66666666666667;6;6;6
210;2;10;12.7660317460317;37;25.14589569161;194.864172335601;186.69074829932;187.062902494331;12.7660317460317;194.864172335601;166.714988662132;5.32489795918367;182.098140589569;2;2;0;0;0;3;28.1491836734694;1.15470053837925;5.66666666666667;4;4;6
310;3;10;8;20.4356009070295;16.6212698412698;208.575011337868;203.940544217687;212.023174603175;8;212.023174603175;146.104988662132;3.84359788359788;204.023174603175;2;1;0;0;0;3;65.9181859410431;1.52752523165195;3.83333333333333;5;6;3
410;4;10;6.38952380952381;6.13609977324263;6.54018140589569;271.832244897959;249.936009070295;264.146712018141;6.13609977324263;271.832244897959;145.154988662132;9.860589569161;265.696145124717;2;1;0;0;0;3;126.677256235828;2.08166599946613;4;2;3;6
510;5;10;0;15.8679818594104;25.5390022675737;199.70716553288;197.681768707483;195.115600907029;0;199.70716553288;164.134988662132;2.20565381708239;199.70716553288;2;3;0;0;0;3;35.5721768707483;1.52752523165195;5.66666666666667;2;4;5
610;6;10;2.72086167800453;6.39650793650794;3.60385487528345;169.567664399093;156.73283446712;169.346167800454;2.72086167800453;169.567664399093;167.634988662132;4.35210884353741;166.846802721088;1;2;0;0;0;3;1.93267573696144;0.5;5;5;4;4.5
710;7;10;7.18571428571429;5.96648526077098;13.367664399093;148.681133786848;146.119954648526;149.076235827664;5.96648526077098;149.076235827664;144.214988662132;1.11712773998487;143.109750566893;2;3;0;0;0;3;4.86124716553286;1;3.66666666666667;3;4;2
810;8;10;5.11342403628118;21.7037188208617;17.9861678004535;187.911972789116;187.865079365079;188.283129251701;5.11342403628118;188.283129251701;144.574988662132;0.263068783068775;183.169705215419;2;1;0;0;0;3;43.7081405895692;2;4;2;4;6
910;9;10;5.39578231292517;6.17401360544218;58.837;175.780544217687;173.110612244898;176.709433106576;5.39578231292517;176.709433106576;167.874988662132;1.5092365835223;171.313650793651;1;2;0;0;0;3;8.83444444444444;1.52752523165195;4.66666666666667;6;5;3
1010;10;10;7.84721088435374;6.19297052154195;18.1048979591837;211.671972789116;211.369659863946;209.95387755102;6.19297052154195;211.671972789116;156.424988662132;0.6734693877551;205.479002267574;2;1;0;0;0;3;55.2469841269841;1.15470053837925;5.66666666666667;5;7;5
1110;11;10;13.886485260771;11.3282993197279;6.61501133786848;160.231882086168;92.6385034013605;162.901814058957;6.61501133786848;162.901814058957;150.414988662132;24.3110808767952;156.286802721088;2;2;0;0;0;3;12.4868253968254;1.73205080756888;4.66666666666667;4;7;7
1210;12;10;10.0302494331066;10.7246712018141;11;171.013378684807;148.966485260771;157.267619047619;10.0302494331066;171.013378684807;145.524988662132;11.9308843537415;160.983129251701;1;3;0;0;0;3;25.4883900226757;1.15470053837925;3.66666666666667;4;2;4
111;1;11;15.2733333333333;8.74816326530612;74.642;168.699637188209;267.724580498866;268.769206349206;8.74816326530612;268.769206349206;157.954988662132;33.704731670446;260.0210430839;1;1;0;0;0;3;110.814217687075;2.08166599946613;4.33333333333333;3;7;6
211;2;11;9.23605442176871;83.847;10.7256689342404;193.486303854875;174.524399092971;176.455011337868;9.23605442176871;193.486303854875;171.324988662132;11.9977324263038;184.250249433107;2;3;0;0;0;3;22.1613151927438;0.577350269189626;6.33333333333333;6;7;6
311;3;11;4.48984126984127;17.2318820861678;4.37410430839002;176.797233560091;195.93074829932;195.512698412698;4.37410430839002;195.93074829932;163.524988662132;6.51718820861678;191.55664399093;1;2;0;0;0;3;32.4057596371882;0.5;4.5;5;4.5;4
411;4;11;4.16657596371882;4.56866213151927;4.22045351473923;237.333650793651;241.315600907029;225.305986394558;4.16657596371882;241.315600907029;142.314988662132;6.66385487528344;237.149024943311;2;1;0;0;0;3;99.000612244898;1.15470053837925;5.16666666666667;6;4;4
511;5;11;18.4521088435374;33.185;17.3875283446712;307.457278911565;303.162040816327;298.169387755102;17.3875283446712;307.457278911565;169.894988662132;4.5277097505669;290.069750566893;1;1;0;0;0;3;137.562290249433;1;6;5;7;6
611;6;11;7.96394557823129;3.60385487528345;17.1081632653061;167.668979591837;164.360498866213;172.161768707483;3.60385487528345;172.161768707483;153.444988662132;4.09801965230536;168.5579138322;2;3;0;0;0;3;18.7167800453515;0.5;4.33333333333333;4;5;4.5
711;7;11;5.98943310657596;6.24585034013605;5.57537414965986;180.902902494331;147.883945578231;181.564399092971;5.57537414965986;181.564399092971;144.594988662132;11.4473167044596;175.989024943311;2;1;0;0;0;3;36.969410430839;2.02072594216369;2.66666666666667;4.5;6;2
811;8;11;19.6453968253968;20.2959183673469;11.7333786848073;169.665442176871;183.482040816327;184.43387755102;11.7333786848073;184.43387755102;154.494988662132;5.24009070294784;172.700498866213;1;2;0;0;0;3;29.9388888888889;0.577350269189626;4.33333333333333;6;5;5
911;9;11;4.43795918367347;5.78489795918367;12;162.700272108844;161.585804988662;163.617188208617;4.43795918367347;163.617188208617;161.124988662132;0.982766439909293;159.179229024943;1;3;0;0;0;3;2.49219954648524;1.52752523165195;3.66666666666667;7;5;4
1011;10;11;7.02507936507936;6.09319727891156;5.86371882086168;131.446303854875;146.120952380952;148.628253968254;5.86371882086168;148.628253968254;141.154988662132;6.56308390022676;142.764535147392;1;3;0;0;0;3;7.47326530612244;0.577350269189626;4.66666666666667;4;5;5
1111;11;11;40.933;7.80730158730159;3.87424036281179;197.513151927438;198.895011337868;193.171020408163;3.87424036281179;198.895011337868;162.134988662132;2.36861678004536;195.020770975057;1;1;0;0;0;3;36.760022675737;2;5;5;7;3
1211;12;11;10.3036281179138;10.0452154195011;11.0170068027211;178.363673469388;168.148888888889;169.007936507937;10.0452154195011;178.363673469388;153.954988662132;6.52350718065004;168.318458049887;2;2;0;0;0;3;24.4086848072562;0;5.66666666666667;4;4;4
112;1;12;13.9114285714286;19.1006349206349;10.3275736961451;190.557959183673;190.630793650794;190.232698412698;10.3275736961451;190.630793650794;170.554988662132;0.156976568405147;180.303219954649;1;3;0;0;0;3;20.0758049886621;0.577350269189626;5.66666666666667;7;7;6
212;2;12;23.0536507936508;31.3737414965986;20;176.286394557823;176.913968253968;166.56947845805;20;176.913968253968;169.454988662132;3.65735449735449;156.913968253968;2;2;0;0;0;3;7.45897959183674;0.577350269189626;3.33333333333333;3;3;4
312;3;12;8.6384126984127;20.6501133786848;8.58952380952381;208.92820861678;229.361768707483;209.810204081633;8.58952380952381;229.361768707483;168.624988662132;13.3283749055178;220.772244897959;2;1;0;0;0;3;60.7367800453515;1.04083299973307;4.66666666666667;3;4.5;5
412;4;12;9.11931972789116;17;5.95351473922902;305.802040816327;297.344263038549;298.290113378685;5.95351473922902;305.802040816327;144.954988662132;5.32323507180651;299.848526077098;2;3;0;0;0;3;160.847052154195;1.15470053837925;5;6;6;4
512;5;12;14.1568707482993;16.4566439909297;15;340.82843537415;328.591247165533;335.586349206349;14.1568707482993;340.82843537415;157.924988662132;5.82642479213907;326.67156462585;2;1;0;0;0;3;182.903446712018;0.577350269189626;5.66666666666667;4;4;5
612;6;12;2.62208616780045;4.44993197278912;3.97301587301587;166.208299319728;160.484308390023;166.405850340136;2.62208616780045;166.405850340136;150.864988662132;2.03969765684051;163.783764172336;2;2;0;0;0;3;15.5408616780045;2.08166599946613;4.66666666666667;2;5;6
712;7;12;10.2427664399093;1;3;199.804943310658;199.480680272109;201.98798185941;1;201.98798185941;148.594988662132;1.56344671201814;200.98798185941;2;2;0;0;0;3;53.3929931972789;1;5.16666666666667;5;4;3
812;8;12;6.53818594104308;5.37383219954649;18.657641723356;140.086666666667;144.103537414966;148.643219954649;5.37383219954649;148.643219954649;152.714988662132;4.36541194255479;143.269387755102;0;0;0;0;0;3;-4.07176870748302;1.52752523165195;4;4;2;1
912;9;12;0;7.41718820861678;16.8766893424036;107.458820861678;107.133560090703;104.86970521542;0;107.458820861678;NA;0.971458805744523;107.458820861678;0;0;0;0;0;3;NA;0.577350269189626;4.33333333333333;5;4;4
1012;10;12;6.63895691609977;6.07024943310658;2.12222222222222;157.550975056689;159.440680272109;163.72693877551;2.12222222222222;163.72693877551;143.164988662132;3.48740740740741;161.604716553288;2;3;0;0;0;3;20.5619501133787;0;5.33333333333333;5;5;5
1112;11;12;7.55487528344671;17.5930612244898;13.1830839002268;157.317505668934;181.001678004535;180.490839002268;7.55487528344671;181.001678004535;165.134988662132;8.06500377928949;173.446802721088;2;2;0;0;0;3;15.8666893424036;1.15470053837925;4.33333333333333;5;7;5
1212;12;12;7.60675736961451;6.8534693877551;7.3692970521542;252.154965986395;255.335736961451;260.571836734694;6.8534693877551;260.571836734694;152.874988662132;4.55099017384731;253.718367346939;1;2;0;0;0;3;107.696848072562;0.577350269189626;5.66666666666667;6;5;6
113;1;13;2.577;18.2675283446712;17.3985034013605;178.775736961451;191.361133786848;211.41156462585;2.577;211.41156462585;155.674988662132;17.5620861678004;208.83456462585;1;2;0;0;0;3;55.7365759637188;1.73205080756888;5;4;7;4
213;2;13;135.399;11;16.3718367346939;307.01029478458;290.849024943311;300.18380952381;11;307.01029478458;171.524988662132;7.66258503401358;296.01029478458;2;1;0;0;0;3;135.485306122449;2.08166599946613;5.33333333333333;3;7;6
313;3;13;7.58181405895692;11.5218594104308;10;168.403310657596;188.488662131519;183.450113378685;7.58181405895692;188.488662131519;167.384988662132;8.37463340891912;180.906848072562;1;3;0;0;0;3;21.1036734693878;0.577350269189626;5.16666666666667;4;5;4
413;4;13;7.10789115646258;5.54544217687075;2.13718820861678;199.527573696145;199.516598639456;197.020272108844;2.13718820861678;199.527573696145;159.614988662132;0.839425547996967;197.390385487528;1;3;0;0;0;3;39.9125850340136;0.288675134594813;5;6;6.5;6
513;5;13;3.40131519274376;11.6834920634921;12.2970975056689;244.543265306122;180.426984126984;157.653741496599;3.40131519274376;244.543265306122;150.044988662132;50.335268329554;241.141950113379;1;2;0;0;0;3;94.4982766439909;2.64575131106459;6;2;7;6
613;6;13;2.59614512471655;3.09102040816327;2.90643990929705;162.382993197279;162.928752834467;169.256371882086;2.59614512471655;169.256371882086;153.384988662132;4.40033257747543;166.66022675737;1;1;0;0;0;3;15.8713832199547;2.08166599946613;4.33333333333333;2;6;5
713;7;13;6.27278911564626;6;6.9831746031746;157.211746031746;150.291473922902;157.014195011338;6;157.211746031746;161.994988662132;2.37260770975056;151.211746031746;1;2;0;0;0;3;-4.7832426303855;0.577350269189626;3.66666666666667;4;3;3
813;8;13;7.81428571428571;4.23043083900227;14;179.929115646259;180.184535147392;180.927845804989;4.23043083900227;180.927845804989;161.824988662132;0.580680272108841;176.697414965986;2;3;0;0;0;3;19.1028571428571;1;5.66666666666667;5;7;6
913;9;13;5.64321995464853;7.62371882086168;4.68539682539683;175.33156462585;186.547074829932;161.515963718821;4.68539682539683;186.547074829932;141.234988662132;12.0822071050642;181.861678004535;2;2;0;0;0;3;45.3120861678005;1.60727512683216;4.66666666666667;6;3.5;3
1013;10;13;8.83995464852608;52.194;9.24702947845805;151.512698412698;200.459455782313;222.10126984127;8.83995464852608;222.10126984127;152.564988662132;30.7434618291761;213.261315192744;1;2;0;0;0;3;69.5362811791383;1.52752523165195;5;4;2;5
1113;11;13;45.044;5.99142857142857;10.4502947845805;294.363038548753;304.092925170068;309.073605442177;5.99142857142857;309.073605442177;168.984988662132;6.56374905517761;303.082176870748;2;1;0;0;0;3;140.088616780045;1;6.33333333333333;5;7;6
1213;12;13;13.2229931972789;14.766485260771;12.1933333333333;176.236507936508;184.000861678005;183.597777777778;12.1933333333333;184.000861678005;173.564988662132;2.72247921390778;171.807528344671;1;3;0;0;0;3;10.435873015873;1;6.33333333333333;6;5;7
114;1;14;2.55124716553288;116.893;61.227;231.483945578231;280.706077097506;211.721859410431;2.55124716553288;280.706077097506;148.734988662132;39.4021164021164;278.154829931973;1;2;0;0;0;3;131.971088435374;2.3094010767585;5;7;7;3
214;2;14;12.6413151927438;16.2920181405896;28;201.204761904762;239.180453514739;245.278594104308;12.6413151927438;245.278594104308;166.784988662132;16.7239909297052;232.637278911565;1;1;0;0;0;3;78.4936054421769;2.08166599946613;5;4;7;3
314;3;14;20.430612244898;18.9868934240363;18.6566439909297;175.802494331066;178.020453514739;177.985532879819;18.6566439909297;178.020453514739;156.824988662132;0.750959939531356;159.36380952381;2;3;0;0;0;3;21.1954648526077;1.52752523165195;5.33333333333333;7;6;4
414;4;14;2.94335600907029;17.1131519274376;8;215.595056689342;215.304716553288;188.99052154195;2.94335600907029;215.595056689342;164.154988662132;8.96495842781558;212.651700680272;1;2;0;0;0;3;51.4400680272109;1.52752523165195;6;5;7;4
514;5;14;9;19.0487528344671;0.0249886621315193;210.600408163265;207.755873015873;196.621179138322;0.0249886621315193;210.600408163265;181.354988662132;5.60792139077854;210.575419501134;2;3;0;0;0;3;29.2454195011338;2;6;3;7;5
614;6;14;1.1853514739229;11.7533333333333;0.739365079365079;160.981179138322;156.314784580499;159.913605442177;0.739365079365079;160.981179138322;148.004988662132;1.91132275132276;160.241814058957;2;1;0;0;0;3;12.9761904761905;1.15470053837925;4.33333333333333;3;5;3
714;7;14;7.7843537414966;1;5.25609977324263;170.768934240363;160.725759637188;169.213469387755;1;170.768934240363;161.444988662132;3.86621315192744;169.768934240363;2;3;0;0;0;3;9.3239455782313;1.52752523165195;4.66666666666667;3;5;2
814;8;14;24.3556916099773;17.9322902494331;18.2944671201814;176.089841269841;176.206575963719;179.503083900227;17.9322902494331;179.503083900227;170.864988662132;2.23658352229781;161.570793650794;2;1;0;0;0;3;8.63809523809522;0;5.66666666666667;5;5;5
914;9;14;7.9649433106576;7.1118820861678;10.8284353741497;156.832607709751;171.30970521542;168.767482993197;7.1118820861678;171.30970521542;148.924988662132;5.67310657596372;164.197823129252;1;2;0;0;0;3;22.384716553288;2;3.66666666666667;6;4;2
1014;10;14;6.50326530612245;6.17301587301587;26.2873015873016;193.607029478458;194.117868480726;210.951609977324;6.17301587301587;210.951609977324;163.754988662132;11.3927739984883;204.778594104308;2;2;0;0;0;3;47.1966213151927;0;5.33333333333333;5;5;5
1114;11;14;48.058;23.5595011337868;11.0938321995465;179.873242630385;178.463446712018;185.446575963719;11.0938321995465;185.446575963719;174.814988662132;4.18548752834468;174.352743764172;1;3;0;0;0;3;10.6315873015873;1.15470053837925;6.33333333333333;5;7;7
1214;12;14;7.37229024943311;10.330566893424;7.77238095238095;218.461541950113;219.30462585034;222.038412698413;7.37229024943311;222.038412698413;170.694988662132;2.10355253212396;214.66612244898;2;1;0;0;0;3;51.3434240362812;1.73205080756888;4.66666666666667;6;3;3
115;1;15;11.7333786848073;2.64104308390023;15.9936961451247;241.408390022676;241.541088435374;242.400136054422;2.64104308390023;242.400136054422;172.074988662132;0.616931216931221;239.759092970522;1;1;0;0;0;3;70.3251473922903;0.577350269189626;6.33333333333333;7;7;6
215;2;15;26.692380952381;71.497;33.725;199.009750566893;217.539637188209;210.793968253968;26.692380952381;217.539637188209;159.634988662132;8.42518518518519;190.847256235828;1;3;0;0;0;3;57.9046485260771;1.15470053837925;4.33333333333333;4;6;6
315;3;15;6.80258503401361;8.89582766439909;19.8080272108844;185.669070294785;182.661904761905;185.773832199546;6.80258503401361;185.773832199546;156.674988662132;1.07222978080121;178.971247165533;2;2;0;0;0;3;29.098843537415;2.08166599946613;3.33333333333333;5;4;1
415;4;15;2.3497052154195;0;7.98190476190476;165.254467120181;171.871428571429;165.181632653061;0;171.871428571429;142.004988662132;4.4355857898715;171.871428571429;2;2;0;0;0;3;29.866439909297;0.577350269189626;3.83333333333333;6;5;5
515;5;15;28.2508390022676;12.510612244898;28.268;182.039319727891;186.927210884354;188.400861678005;12.510612244898;188.400861678005;169.624988662132;2.61173091458806;175.890249433107;1;3;0;0;0;3;18.775873015873;1.15470053837925;5.33333333333333;2;4;4
615;6;15;2;3.91215419501134;8.10861678004535;168.227709750567;157.732562358277;152.832698412698;2;168.227709750567;142.924988662132;8.63005291005291;166.227709750567;1;2;0;0;0;3;25.3027210884354;2.64575131106459;5;2;6;7
715;7;15;5.49356009070295;6.00040816326531;6.86444444444444;185.316870748299;166.659274376417;167.042403628118;5.49356009070295;185.316870748299;152.554988662132;12.3106878306878;179.823310657596;1;1;0;0;0;3;32.7618820861678;1.52752523165195;5.16666666666667;2;4;5
815;8;15;3;11;7.54390022675737;171.149070294785;175.200861678005;173.610476190476;3;175.200861678005;164.784988662132;1.88072562358277;172.200861678005;1;3;0;0;0;3;10.415873015873;1.73205080756888;3.66666666666667;4;4;1
915;9;15;7.14081632653061;7.6047619047619;2;133.26716553288;136.204489795918;136.435963718821;2;136.435963718821;NA;1.13342403628117;134.435963718821;0;0;0;0;0;3;NA;2;4.33333333333333;6;4;2
1015;10;15;5.62625850340136;5.34489795918367;13.647029478458;292.387528344671;306.272970521542;305.692290249433;5.34489795918367;306.272970521542;168.354988662132;4.82204081632653;300.928072562358;2;1;0;0;0;3;137.91798185941;0;5.33333333333333;5;5;5
1115;11;15;10.5849886621315;13.2908390022676;11.5318367346939;169.083764172336;171.028344671202;177.188344671202;10.5849886621315;177.188344671202;150.834988662132;4.75486016628873;166.60335600907;2;3;0;0;0;3;26.3533560090703;0;5.66666666666667;5;5;5
1215;12;15;29.037052154195;21.58;2.55823129251701;257.459909297052;167.784716553288;257.889931972789;2.55823129251701;257.889931972789;167.964988662132;30.1784126984127;255.331700680272;1;1;0;0;0;3;89.9249433106576;1.15470053837925;5.33333333333333;6;4;6
116;1;16;16.3498866213152;9.92349206349206;18.9250340136054;175.268707482993;176.296371882086;184.045759637188;9.92349206349206;184.045759637188;148.694988662132;5.50881330309902;174.122267573696;1;3;0;0;0;3;35.3507709750567;1.15470053837925;6.33333333333333;7;7;5
216;2;16;8.75315192743764;6.3865306122449;5.38380952380952;194.06798185941;194.601768707483;188.859818594104;5.38380952380952;194.601768707483;151.734988662132;2.09191232048375;189.217959183673;1;2;0;0;0;3;42.8667800453515;2.08166599946613;4.66666666666667;5;6;2
316;3;16;12.4996371882086;13.8665306122449;3.88920634920635;230.100090702948;209.205578231293;234.489115646259;3.88920634920635;234.489115646259;167.834988662132;9.89085411942555;230.599909297052;1;1;0;0;0;3;66.654126984127;0.577350269189626;6;6;5;6
416;4;16;4.91587301587302;6.29673469387755;6.70580498866213;183.708526077098;162.566575963719;185.333832199546;4.91587301587302;185.333832199546;158.124988662132;8.13085411942555;180.417959183673;1;1;0;0;0;3;27.208843537415;0;5.16666666666667;6;6;6
516;5;16;0;22.6914739229025;22.2664399092971;385.240498866213;385.286394557823;364.162403628118;0;385.286394557823;171.004988662132;7.05662887377175;385.286394557823;2;2;0;0;0;3;214.281405895692;1;6.33333333333333;5;7;6
616;6;16;3.98598639455782;4.1875283446712;7.9659410430839;169.967755102041;169.154603174603;171.407482993197;3.98598639455782;171.407482993197;160.934988662132;1.23086923658352;167.421496598639;1;3;0;0;0;3;10.4724943310657;1.60727512683216;5.33333333333333;3;6;5.5
716;7;16;19.8648979591837;6.14408163265306;2.82063492063492;210.017732426304;172.598775510204;183.384263038549;2.82063492063492;210.017732426304;163.444988662132;21.3508087679516;207.197097505669;1;3;0;0;0;3;46.5727437641723;0;3.5;3;3;3
816;8;16;7.85918367346939;24.3746485260771;17.7846258503401;185.932471655329;184.168480725624;188.638321995465;7.85918367346939;188.638321995465;154.054988662132;2.39189720332576;180.779138321995;2;2;0;0;0;3;34.5833333333333;1;3.33333333333333;3;2;1
916;9;16;9;7;15.3152380952381;188.665260770975;184.602494331066;182.372562358277;7;188.665260770975;167.744988662132;3.45182161753591;181.665260770975;1;1;0;0;0;3;20.9202721088435;NA;NA;NA;4;5
1016;10;16;10;9.44358276643991;8;156.891473922902;159.004671201814;160.502267573696;8;160.502267573696;153.344988662132;1.70279667422524;152.502267573696;1;1;0;0;0;3;7.15727891156462;0.577350269189626;6.33333333333333;6;7;6
1116;11;16;11.5807256235828;33.097;14.4372335600907;179.663718820862;155.631337868481;225.546439909297;11.5807256235828;225.546439909297;155.434988662132;38.5992743764172;213.965714285714;1;2;0;0;0;3;70.1114512471655;1.15470053837925;6;5;7;7
1216;12;16;5.69909297052154;5.12240362811791;5.75696145124717;212.464172335601;212.069070294785;212.255646258503;5.12240362811791;212.464172335601;145.454988662132;0.201209372637957;207.341768707483;2;3;0;0;0;3;67.0091836734694;0.577350269189626;6;6;7;6